,Model,Bandcap Energy,Formation Energy
0,Multi-Layer Perceptron,0.09634522961750276,0.034596423133077175
1,SVR,0.11019562943949852,0.0610808371038166
2,LightGBM,0.08563318286218982,0.031374153937406876
3,ExtraTrees,0.08794966867454006,0.029422450328958034
4,RandomForest,0.08946231347305128,0.03070954759587389
5,Stacked Model,0.08311905515863645,0.029769727718675098
6,KNN,0.09987380429975364,0.03534535795621585
